{
    "0": 2.6681342,
    "1": 3.2041642,
    "2": 2.9814819999999997,
    "3": 2.1770248,
    "4": 2.4353173999999997,
    "5": 2.2064818,
    "6": 2.6508640000000003,
    "7": 3.2108246,
    "8": 1.763263,
    "9": 2.0338393999999997,
    "32": 2.9906129999999997,
    "22": 3.2003953999999997,
    "34": 2.2452598,
    "23": 2.9309634,
    "25": 2.1082716,
    "33": 3.4540838000000003,
    "27": 2.4156238,
    "35": 1.9215588000000001,
    "13": 3.160921,
    "11": 3.4067803999999997,
    "14": 2.2780774,
    "21": 3.0213642,
    "12": 2.6688632,
    "29": 3.2716824,
    "26": 3.2985688,
    "17": 2.3119438,
    "30": 3.4452982,
    "20": 2.2643763999999997,
    "19": 1.5489336,
    "10": 2.208751,
    "18": 2.1775614,
    "28": 2.4013657999999998
}